image,modality,mounting,content_type,code_type,uncertain,x_center,y_center,width,height,norm_area
1.jpg,video_frame,wall,alphanumeric,barcode,,0.265625,0.271717,0.171046,0.153535,0.02626167
10.jpg,video_frame,hung,alphanumeric,barcode,,0.408091,0.337879,0.273019,0.314141,0.08576654
11.jpg,video_frame,wall,alphanumeric,qr,,0.371305,0.426768,0.298292,0.364646,0.10877106
12.jpg,video_frame,wall,alphanumeric,none,,0.525746,0.205556,0.22192,0.207071,0.04595307
13.jpg,video_frame,wall,alphanumeric,barcode,,0.528783,0.473737,0.210778,0.349495,0.07366579
14.jpg,video_frame,wall,alphanumeric,none,,0.660418,0.356566,0.178223,0.242424,0.04320554
15.jpg,video_frame,hung,alphanumeric,qr,,0.336912,0.343939,0.298417,0.263636,0.07867364
16.jpg,video_frame,wall,alphanumeric,qr,,0.455021,0.342424,0.239886,0.305051,0.07317727
17.jpg,video_frame,hung,alphanumeric,barcode,,0.599449,0.305051,0.229201,0.280808,0.06436152
18.jpg,video_frame,wall,alphanumeric,qr,,0.58224,0.322222,0.182852,0.284848,0.05208516
19.jpg,video_frame,wall,alphanumeric,barcode,,0.303301,0.308586,0.231957,0.283838,0.0658384
2.jpg,video_frame,hung,alphanumeric,barcode,,0.58515,0.158586,0.228058,0.149495,0.03409357
2.jpg,video_frame,hung,alphanumeric,barcode,,0.655668,0.70303,0.083021,0.058586,0.00486387
20.jpg,video_frame,hung,alphanumeric,none,,0.475833,0.211111,0.20459,0.155556,0.03182514
20250714_130346.jpg,phone_photo,hung,alphabetic,none,,0.137879,0.205051,0.066667,0.086869,0.00579125
20250714_130346.jpg,phone_photo,hung,unclear,,,0.410227,0.397475,0.041667,0.045455,0.00189394
20250714_130455.jpg,phone_photo,hung,unclear,,,0.636364,0.799495,0.087542,0.069697,0.00610142
20250714_130501.jpg,phone_photo,hung,unclear,,,0.60404,0.727273,0.119865,0.070707,0.00847533
20250714_130631.jpg,phone_photo,hung,unclear,,,0.594318,0.442424,0.037121,0.040404,0.00149985
20250714_130631.jpg,phone_photo,hung,alphanumeric,none,,0.656061,0.385354,0.040909,0.053535,0.00219008
20250714_130631.jpg,phone_photo,hung,alphanumeric,none,,0.730682,0.312121,0.043182,0.056566,0.00244261
20250714_130631.jpg,phone_photo,hung,alphanumeric,barcode,,0.815909,0.278788,0.039394,0.072727,0.00286501
20250714_130631.jpg,phone_photo,wall,,,,0.862121,0.286869,0.039394,0.066667,0.00262626
20250714_130631.jpg,phone_photo,wall,,,uncertain,0.554167,0.677778,0.035606,0.030303,0.00107897
20250714_140632.jpg,phone_photo,wall,alphabetic,,uncertain,0.081481,0.352525,0.03367,0.022222,0.00074822
20250714_140632.jpg,phone_photo,hung,alphanumeric,none,,0.440404,0.279293,0.051178,0.031313,0.00160256
20250714_140632.jpg,phone_photo,hung,unclear,,,0.656566,0.30303,0.060606,0.034343,0.00208142
20250714_140632.jpg,phone_photo,hung,alphanumeric,none,,0.789899,0.269697,0.044444,0.032323,0.00143659
20250714_140632.jpg,phone_photo,hung,alphanumeric,none,,0.977441,0.267172,0.045118,0.043434,0.00195966
20250714_140640.jpg,phone_photo,hung,unclear,,,0.016162,0.181313,0.032323,0.033333,0.00107744
20250714_140640.jpg,phone_photo,hung,unclear,,,0.090236,0.178283,0.03771,0.033333,0.00125701
20250714_140640.jpg,phone_photo,hung,unclear,,,0.169024,0.177273,0.020202,0.025253,0.00051015
20250714_141233.jpg,phone_photo,wall,alphanumeric,none,uncertain,0.090236,0.180303,0.072727,0.033333,0.00242424
20250714_141318.jpg,phone_photo,hung,alphanumeric,none,,0.117172,0.043939,0.086195,0.055556,0.00478863
20250714_141318.jpg,phone_photo,hung,alphanumeric,none,,0.338721,0.031818,0.098316,0.059596,0.00585927
20250714_141318.jpg,phone_photo,hung,alphanumeric,none,,0.59798,0.020707,0.115825,0.041414,0.00479679
20250714_141429.jpg,phone_photo,hung,alphabetic,none,,0.656566,0.055051,0.125253,0.108081,0.01353739
20250714_141512.jpg,phone_photo,wall,alphabetic,none,uncertain,0.926894,0.273737,0.049242,0.080808,0.00397919
20250714_141512.jpg,phone_photo,hung,unclear,,,0.96553,0.223737,0.017424,0.053535,0.00093281
20250714_141628.jpg,phone_photo,hung,alphanumeric,none,,0.709091,0.170707,0.081818,0.117172,0.00958678
20250714_141628.jpg,phone_photo,hung,alphanumeric,none,,0.955303,0.055556,0.089394,0.111111,0.00993266
20250714_141841.jpg,phone_photo,hung,unclear,,,0.06532,0.072727,0.041751,0.038384,0.00160256
20250714_141841.jpg,phone_photo,hung,unclear,,,0.154209,0.073232,0.044444,0.041414,0.00184063
20250714_141841.jpg,phone_photo,hung,unclear,,,0.817508,0.100505,0.03771,0.043434,0.00163793
20250714_141841.jpg,phone_photo,hung,unclear,,,0.914478,0.106061,0.040404,0.034343,0.00138761
20250714_141841.jpg,phone_photo,wall,alphabetic,,uncertain,0.740741,0.386869,0.026936,0.030303,0.00081624
20250714_141841.jpg,phone_photo,hung,unclear,,,0.841751,0.320202,0.03771,0.032323,0.00121892
20250714_141849.jpg,phone_photo,hung,unclear,,,0.020875,0.063636,0.041751,0.036364,0.00151821
20250714_141849.jpg,phone_photo,hung,unclear,,,0.099663,0.040404,0.059259,0.036364,0.00215488
20250714_141849.jpg,phone_photo,hung,unclear,,,0.212121,0.014646,0.07138,0.029293,0.00209094
20250714_141849.jpg,phone_photo,hung,unclear,,,0.852525,0.144949,0.053872,0.035354,0.00190457
20250714_141849.jpg,phone_photo,hung,unclear,,,0.958923,0.126768,0.03771,0.031313,0.00118083
20250714_141849.jpg,phone_photo,hung,unclear,,,0.878114,0.251515,0.024242,0.032323,0.00078359
20250714_141849.jpg,phone_photo,hung,unclear,,,0.950168,0.245455,0.03367,0.030303,0.0010203
20250714_141920.jpg,phone_photo,hung,alphabetic,,,0.08447,0.337879,0.058333,0.067677,0.00394781
20250714_141920.jpg,phone_photo,hung,alphanumeric,barcode,,0.140909,0.338384,0.054545,0.078788,0.00429752
20250714_141920.jpg,phone_photo,hung,alphabetic,none,,0.400379,0.324747,0.052273,0.065657,0.00343205
20250714_141920.jpg,phone_photo,hung,alphanumeric,barcode,,0.455682,0.324747,0.055303,0.063636,0.00351928
20250714_141920.jpg,phone_photo,hung,alphabetic,none,,0.721212,0.304545,0.059091,0.071717,0.00423783
20250714_141920.jpg,phone_photo,hung,alphanumeric,barcode,,0.781439,0.308081,0.059848,0.058586,0.00350627
20250714_141931.jpg,phone_photo,hung,alphanumeric,barcode,,0.425758,0.30101,0.077273,0.119192,0.00921028
20250714_141931.jpg,phone_photo,hung,alphabetic,none,,0.602652,0.039394,0.082576,0.078788,0.00650597
20250714_141931.jpg,phone_photo,hung,alphanumeric,barcode,,0.318561,0.466162,0.049242,0.075758,0.00373049
20250714_141931.jpg,phone_photo,hung,unclear,,,0.252652,0.570202,0.041667,0.059596,0.00248316
20250714_141931.jpg,phone_photo,hung,unclear,,,0.20303,0.644949,0.030303,0.051515,0.00156107
20250714_141931.jpg,phone_photo,hung,unclear,,,0.168939,0.691919,0.021212,0.040404,0.00085706
20250714_141931.jpg,phone_photo,hung,unclear,,,0.143939,0.722727,0.027273,0.035354,0.00096419
20250714_142146.jpg,phone_photo,hung,unclear,,,0.095623,0.084848,0.053872,0.056566,0.00304731
20250714_142146.jpg,phone_photo,hung,unclear,,,0.258586,0.160606,0.03771,0.054545,0.00205693
20250714_142146.jpg,phone_photo,hung,unclear,,,0.364983,0.199495,0.048485,0.055556,0.0026936
20250714_142146.jpg,phone_photo,hung,unclear,,,0.0633,0.416667,0.045791,0.035354,0.00161888
20250714_142146.jpg,phone_photo,hung,unclear,,,0.115152,0.424242,0.041751,0.036364,0.00151821
20250714_142151.jpg,phone_photo,wall,alphabetic,,,0.121886,0.245455,0.127946,0.109091,0.01395776
20250714_142151.jpg,phone_photo,hung,unclear,,,0.676094,0.332828,0.051178,0.033333,0.00170595
20250714_142151.jpg,phone_photo,hung,unclear,,,0.767003,0.335859,0.044444,0.031313,0.00139169
20250714_142151.jpg,phone_photo,hung,unclear,,,0.832997,0.341414,0.047138,0.028283,0.0013332
20250714_142151.jpg,phone_photo,hung,unclear,,,0.882155,0.340404,0.03771,0.038384,0.00144747
20250714_142151.jpg,phone_photo,hung,unclear,,,0.933333,0.343434,0.032323,0.034343,0.00111009
20250714_142151.jpg,phone_photo,hung,unclear,,,0.722559,0.334848,0.03367,0.033333,0.00112233
20250714_142220.jpg,phone_photo,hung,unclear,,,0.053872,0.390909,0.064646,0.032323,0.00208958
20250714_142220.jpg,phone_photo,hung,unclear,,,0.140067,0.389899,0.064646,0.028283,0.00182838
20250714_142220.jpg,phone_photo,hung,unclear,,,0.253199,0.393939,0.080808,0.030303,0.00244873
20250714_142220.jpg,phone_photo,hung,unclear,,,0.343434,0.394949,0.056566,0.040404,0.00228548
20250714_142220.jpg,phone_photo,hung,unclear,,,0.437037,0.389899,0.065993,0.040404,0.00266639
20250714_142220.jpg,phone_photo,hung,unclear,,,0.546128,0.390404,0.065993,0.023232,0.00153318
20250714_142220.jpg,phone_photo,hung,unclear,,,0.658586,0.391414,0.056566,0.029293,0.00165697
20250714_142220.jpg,phone_photo,hung,unclear,,,0.744781,0.392929,0.059259,0.032323,0.00191545
20250714_142220.jpg,phone_photo,hung,unclear,,,0.886869,0.39798,0.065993,0.030303,0.0019998
20250714_142220.jpg,phone_photo,hung,unclear,,,0.985522,0.397475,0.028956,0.033333,0.00096521
20250714_142430.jpg,phone_photo,hung,alphanumeric,none,,0.070034,0.130808,0.032323,0.033333,0.00107744
20250714_142430.jpg,phone_photo,hung,alphanumeric,none,,0.144108,0.127778,0.043098,0.029293,0.00126246
20250714_142430.jpg,phone_photo,hung,alphanumeric,none,,0.208754,0.119192,0.043098,0.036364,0.00156719
20250714_142430.jpg,phone_photo,hung,alphanumeric,none,,0.297643,0.105556,0.059259,0.035354,0.00209502
20250714_142430.jpg,phone_photo,hung,alphanumeric,none,,0.411448,0.089899,0.065993,0.046465,0.00306635
20250714_142430.jpg,phone_photo,hung,alphanumeric,none,,0.585185,0.064646,0.082155,0.048485,0.00398327
20250714_142430.jpg,phone_photo,hung,alphanumeric,none,,0.907744,0.027273,0.129293,0.052525,0.00679114
20250714_142437.jpg,phone_photo,hung,alphanumeric,none,,0.380471,0.040909,0.092929,0.063636,0.00591368
20250714_142506.jpg,phone_photo,hung,alphanumeric,none,,0.074747,0.041919,0.149495,0.083838,0.01253341
20250714_142506.jpg,phone_photo,hung,alphanumeric,none,,0.56431,0.105556,0.140067,0.081818,0.01146006
20250714_142506.jpg,phone_photo,hung,alphanumeric,none,,0.904377,0.187879,0.10101,0.062626,0.00632589
20250714_142729.jpg,phone_photo,hung,unclear,,,0.152862,0.279798,0.055219,0.034343,0.00189641
20250714_142729.jpg,phone_photo,hung,unclear,,,0.352189,0.329798,0.047138,0.041414,0.00195218
20250714_142729.jpg,phone_photo,hung,alphanumeric,none,,0.672054,0.140404,0.105051,0.135354,0.01421896
20250714_142729.jpg,phone_photo,hung,unclear,,,0.818182,0.060101,0.0633,0.047475,0.00300514
20250714_142729.jpg,phone_photo,hung,unclear,,,0.96835,0.029798,0.051178,0.045455,0.00232629
20250714_142729.jpg,phone_photo,wall,alphabetic,,uncertain,0.950168,0.467172,0.025589,0.029293,0.00074958
20250714_142746.jpg,phone_photo,hung,alphanumeric,none,,0.020202,0.297475,0.02963,0.045455,0.0013468
20250714_142746.jpg,phone_photo,hung,alphanumeric,none,,0.078114,0.286869,0.040404,0.036364,0.00146924
20250714_142746.jpg,phone_photo,hung,alphanumeric,none,,0.160943,0.269192,0.049832,0.043434,0.0021644
20250714_142746.jpg,phone_photo,hung,alphanumeric,none,,0.260606,0.258081,0.052525,0.039394,0.00206918
20250714_142746.jpg,phone_photo,hung,alphanumeric,none,,0.409428,0.226263,0.083502,0.052525,0.00438595
20250714_142746.jpg,phone_photo,hung,alphanumeric,none,,0.697643,0.175758,0.115825,0.066667,0.00772166
20250714_142755.jpg,phone_photo,hung,alphanumeric,none,,0.512458,0.088384,0.162963,0.09596,0.01563786
20250714_142821.jpg,phone_photo,hung,alphabetic,none,,0.022727,0.467677,0.045455,0.056566,0.00257117
20250714_142821.jpg,phone_photo,hung,alphanumeric,barcode,,0.172727,0.460101,0.057576,0.065657,0.00378023
20250714_142821.jpg,phone_photo,hung,alphanumeric,barcode,,0.402652,0.456566,0.056818,0.064646,0.00367309
20250714_142821.jpg,phone_photo,hung,alphanumeric,barcode,,0.589394,0.451515,0.057576,0.058586,0.00337313
20250714_142821.jpg,phone_photo,hung,alphanumeric,barcode,,0.881061,0.45303,0.060606,0.067677,0.00410162
20250714_142821.jpg,phone_photo,hung,alphabetic,none,,0.233712,0.458081,0.053788,0.067677,0.00364019
20250714_142821.jpg,phone_photo,hung,alphabetic,none,,0.458333,0.454545,0.051515,0.054545,0.00280992
20250714_142821.jpg,phone_photo,hung,alphabetic,none,,0.643561,0.455556,0.049242,0.050505,0.00248699
20250714_142821.jpg,phone_photo,hung,alphabetic,none,,0.940909,0.44899,0.056061,0.053535,0.00300122
20250714_143055.jpg,phone_photo,rack,alphanumeric,none,,0.00947,0.400505,0.018939,0.029293,0.00055479
20250714_143055.jpg,phone_photo,rack,alphanumeric,none,,0.063258,0.383333,0.026515,0.035354,0.0009374
20250714_143055.jpg,phone_photo,rack,alphanumeric,none,,0.216667,0.353535,0.036364,0.048485,0.00176309
20250714_143055.jpg,phone_photo,rack,alphanumeric,none,,0.317803,0.329293,0.046212,0.048485,0.00224059
20250714_143055.jpg,phone_photo,rack,alphanumeric,none,,0.441288,0.30202,0.053788,0.056566,0.00304255
20250714_143055.jpg,phone_photo,rack,alphanumeric,none,,0.634091,0.265152,0.068182,0.069697,0.00475207
20250714_143058.jpg,phone_photo,hung,alphanumeric,none,,0.196212,0.532828,0.022727,0.035354,0.00080349
20250714_143058.jpg,phone_photo,hung,alphanumeric,none,,0.292045,0.466667,0.023485,0.022222,0.00052189
20250714_143058.jpg,phone_photo,hung,alphanumeric,none,,0.259848,0.474747,0.019697,0.026263,0.00051729
20250714_143058.jpg,phone_photo,hung,alphanumeric,none,,0.332576,0.45202,0.024242,0.029293,0.00071013
20250714_143058.jpg,phone_photo,hung,alphanumeric,none,,0.540152,0.389394,0.048485,0.045455,0.00220386
20250714_143058.jpg,phone_photo,hung,alphanumeric,none,,0.65947,0.350505,0.061364,0.060606,0.00371901
20250714_143058.jpg,phone_photo,hung,alphanumeric,none,,0.885606,0.286364,0.084848,0.087879,0.00745638
20250714_143120.jpg,phone_photo,hung,alphanumeric,barcode,,0.175379,0.114141,0.049242,0.064646,0.00318335
20250714_143120.jpg,phone_photo,hung,unclear,,,0.320076,0.188384,0.026515,0.051515,0.00136593
20250714_143120.jpg,phone_photo,wall,unclear,,,0.342424,0.341414,0.012121,0.024242,0.00029385
20250714_143120.jpg,phone_photo,hung,unclear,,,0.394318,0.227778,0.02197,0.035354,0.00077671
20250714_143120.jpg,phone_photo,hung,unclear,,,0.460227,0.277273,0.020455,0.043434,0.00088843
20250714_143130.jpg,phone_photo,hung,unclear,,,0.351894,0.131313,0.02803,0.050505,0.00141567
20250714_143156.jpg,phone_photo,wall,alphanumeric,,,0.351515,0.388889,0.021212,0.026263,0.00055709
20250714_143156.jpg,phone_photo,hung,unclear,,,0.432955,0.326263,0.032576,0.046465,0.00151362
20250714_143156.jpg,phone_photo,hung,unclear,,,0.683712,0.382828,0.017424,0.028283,0.00049281
20250714_143156.jpg,phone_photo,hung,unclear,,,0.726136,0.10101,0.029545,0.050505,0.00149219
20250714_143156.jpg,phone_photo,hung,unclear,,,0.784091,0.170707,0.030303,0.038384,0.00116315
20250714_143156.jpg,phone_photo,hung,unclear,,,0.639773,0.313636,0.017424,0.021212,0.00036961
20250714_143156.jpg,phone_photo,hung,unclear,,,0.732955,0.29899,0.025,0.030303,0.00075758
20250714_143156.jpg,phone_photo,hung,unclear,,,0.786364,0.293434,0.019697,0.031313,0.00061677
20250714_143156.jpg,phone_photo,hung,alphanumeric,,,0.819318,0.284848,0.025,0.028283,0.00070707
20250714_143214.jpg,phone_photo,hung,alphanumeric,barcode,,0.183712,0.463636,0.065909,0.068687,0.00452709
20250714_143214.jpg,phone_photo,hung,alphanumeric,barcode,,0.267803,0.469192,0.056818,0.065657,0.00373049
20250714_143214.jpg,phone_photo,hung,alphanumeric,barcode,,0.605303,0.490909,0.043939,0.058586,0.00257423
20250714_143214.jpg,phone_photo,hung,alphanumeric,barcode,,0.653409,0.495455,0.041667,0.065657,0.00273569
20250714_143214.jpg,phone_photo,hung,alphanumeric,barcode,,0.954167,0.519192,0.037121,0.058586,0.00217478
20250714_143223.jpg,phone_photo,hung,alphanumeric,barcode,,0.207955,0.524242,0.058333,0.066667,0.00388889
20250714_143223.jpg,phone_photo,hung,alphanumeric,barcode,,0.285606,0.520707,0.054545,0.065657,0.00358127
20250714_143223.jpg,phone_photo,hung,alphanumeric,barcode,,0.642424,0.504545,0.056061,0.075758,0.00424702
20250714_143223.jpg,phone_photo,hung,alphanumeric,barcode,,0.704167,0.498485,0.050758,0.063636,0.00323003
20250714_143314.jpg,phone_photo,hung,alphanumeric,qr,,0.262879,0.466667,0.042424,0.048485,0.00205693
20250714_143314.jpg,phone_photo,hung,unclear,,,0.648864,0.464646,0.035606,0.050505,0.00179829
20250714_143314.jpg,phone_photo,hung,alphanumeric,,,0.945833,0.64596,0.075,0.065657,0.00492424
20250714_143314.jpg,phone_photo,wall,alphanumeric,,,0.050758,0.822222,0.024242,0.022222,0.00053872
20250714_143314.jpg,phone_photo,wall,alphanumeric,,,0.350379,0.823232,0.020455,0.024242,0.00049587
20250714_143314.jpg,phone_photo,wall,unclear,,,0.726894,0.800505,0.020455,0.031313,0.0006405
20250714_143319.jpg,phone_photo,wall,alphanumeric,,,0.258333,0.408586,0.019697,0.025253,0.0004974
20250714_143319.jpg,phone_photo,hung,alphanumeric,,,0.805682,0.279293,0.046212,0.051515,0.00238062
20250714_143324.jpg,phone_photo,hung,unclear,,,0.053409,0.266162,0.031061,0.033333,0.00103535
20250714_143324.jpg,phone_photo,hung,unclear,,,0.39053,0.135859,0.038636,0.053535,0.00206841
20250714_143324.jpg,phone_photo,hung,unclear,,,0.182955,0.293939,0.02803,0.040404,0.00113254
20250714_143324.jpg,phone_photo,hung,unclear,,,0.233333,0.317172,0.024242,0.042424,0.00102847
20250714_143324.jpg,phone_photo,hung,unclear,,,0.286742,0.345455,0.023485,0.042424,0.00099633
20250714_143324.jpg,phone_photo,wall,alphanumeric,none,,0.936364,0.45202,0.025758,0.031313,0.00080655
20250714_143324.jpg,phone_photo,wall,alphabetic,,,0.185985,0.479798,0.026515,0.040404,0.00107132
20250714_143336.jpg,phone_photo,wall,alphanumeric,,,0.308333,0.318687,0.025758,0.025253,0.00065044
20250714_143336.jpg,phone_photo,wall,alphanumeric,,,0.876894,0.309091,0.025,0.028283,0.00070707
20250714_143340.jpg,phone_photo,hung,alphanumeric,qr,,0.154924,0.419192,0.059848,0.066667,0.0039899
20250714_143340.jpg,phone_photo,hung,alphanumeric,qr,,0.811742,0.408586,0.058333,0.073737,0.00430135
20250714_143346.jpg,phone_photo,wall,alphabetic,none,,0.140152,0.461111,0.034848,0.057576,0.00200643
20250714_143346.jpg,phone_photo,hung,alphanumeric,,,0.127652,0.134848,0.038636,0.067677,0.00261478
20250714_143346.jpg,phone_photo,hung,alphanumeric,,,0.207955,0.179293,0.035606,0.047475,0.00169039
20250714_143346.jpg,phone_photo,hung,unclear,,,0.293561,0.220202,0.029545,0.054545,0.00161157
20250714_143346.jpg,phone_photo,wall,alphanumeric,none,,0.663258,0.435859,0.017424,0.033333,0.00058081
20250714_143346.jpg,phone_photo,hung,unclear,,,0.339773,0.24697,0.023485,0.045455,0.00106749
21.jpg,video_frame,wall,alphanumeric,qr,,0.493605,0.277778,0.392996,0.246465,0.09685951
22.jpg,video_frame,hung,alphanumeric,barcode,,0.551356,0.345455,0.303645,0.258586,0.0785184
23.jpg,video_frame,hung,alphanumeric,barcode,,0.408654,0.239899,0.154724,0.136364,0.02109877
24.jpg,video_frame,wall,alphanumeric,qr,,0.307725,0.382323,0.154532,0.085859,0.01326794
25.jpg,video_frame,hung,alphanumeric,none,,0.638192,0.407071,0.137457,0.135354,0.01860526
26.jpg,video_frame,wall,alphanumeric,barcode,,0.682322,0.290909,0.162347,0.135354,0.02197426
27.jpg,video_frame,hung,alphanumeric,barcode,,0.497162,0.274242,0.125379,0.118182,0.01481749
28.jpg,video_frame,wall,alphanumeric,qr,,0.674182,0.39697,0.15473,0.094949,0.01469157
29.jpg,video_frame,hung,alphanumeric,barcode,,0.623131,0.279293,0.130727,0.122222,0.01597772
3.jpg,video_frame,wall,alphanumeric,barcode,,0.806623,0.388889,0.174077,0.131313,0.02285856
30.jpg,video_frame,wall,alphanumeric,qr,,0.574562,0.285354,0.140896,0.112121,0.01579742
31.jpg,video_frame,wall,alphanumeric,qr,,0.4917,0.276768,0.120362,0.088889,0.01069882
32.jpg,video_frame,hung,alphanumeric,barcode,,0.530238,0.192424,0.147568,0.116162,0.01714177
33.jpg,video_frame,wall,alphanumeric,barcode,,0.619393,0.157576,0.129917,0.10101,0.01312293
34.jpg,video_frame,wall,alphanumeric,barcode,,0.711985,0.355556,0.114222,0.092929,0.01061458
35.jpg,video_frame,hung,alphanumeric,none,,0.378931,0.195455,0.183912,0.154545,0.02842283
35.jpg,video_frame,hung,alphanumeric,none,,0.589941,0.392424,0.115501,0.093939,0.01085005
35.jpg,video_frame,hung,unclear,,,0.426464,0.538889,0.06397,0.057576,0.00368309
35.jpg,video_frame,wall,unclear,,,0.597937,0.560606,0.076408,0.064646,0.00493951
36.jpg,video_frame,wall,alphanumeric,none,,0.355183,0.293434,0.0958,0.110101,0.01054769
36.jpg,video_frame,wall,alphanumeric,none,,0.869431,0.611616,0.077725,0.063636,0.00494611
37.jpg,video_frame,hung,alphanumeric,none,,0.567746,0.221212,0.141489,0.107071,0.0151493
37.jpg,video_frame,hung,alphanumeric,none,,0.581626,0.471717,0.092236,0.070707,0.00652176
37.jpg,video_frame,hung,unclear,,,0.586999,0.586364,0.070744,0.055556,0.00393024
38.jpg,video_frame,wall,alphanumeric,none,,0.548866,0.345455,0.148342,0.119192,0.01768117
38.jpg,video_frame,wall,alphabetic,none,,0.837458,0.518687,0.040457,0.083838,0.00339184
38.jpg,video_frame,wall,alphanumeric,none,,0.909382,0.528788,0.083611,0.075758,0.00633417
39.jpg,video_frame,wall,alphanumeric,none,,0.372527,0.265657,0.119997,0.111111,0.01333298
39.jpg,video_frame,wall,alphanumeric,none,,0.917438,0.428283,0.083281,0.068687,0.00572034
4.jpg,video_frame,wall,alphanumeric,barcode,,0.111834,0.250505,0.118413,0.145455,0.01722366
4.jpg,video_frame,wall,alphanumeric,barcode,,0.345623,0.313131,0.090075,0.111111,0.01000829
4.jpg,video_frame,wall,alphanumeric,barcode,,0.479723,0.342929,0.068821,0.108081,0.00743823
40.jpg,video_frame,wall,alphanumeric,none,,0.50673,0.237879,0.080861,0.079798,0.00645256
40.jpg,video_frame,wall,alphanumeric,none,,0.446534,0.731313,0.095237,0.086869,0.00827308
41.jpg,video_frame,hung,alphanumeric,none,,0.411758,0.242929,0.135311,0.110101,0.01489789
41.jpg,video_frame,hung,alphanumeric,none,,0.499576,0.54798,0.076169,0.061616,0.00469321
41.jpg,video_frame,wall,unclear,,,0.547069,0.661616,0.049286,0.040404,0.00199133
42.jpg,video_frame,wall,alphanumeric,none,,0.115152,0.242424,0.104356,0.117172,0.01222758
42.jpg,video_frame,wall,unclear,,,0.821354,0.409596,0.04858,0.081818,0.00397469
43.jpg,video_frame,hung,alphanumeric,none,,0.521276,0.161616,0.152788,0.125253,0.01913705
43.jpg,video_frame,hung,alphanumeric,none,,0.657437,0.388889,0.092571,0.080808,0.00748052
44.jpg,video_frame,hung,alphanumeric,none,,0.357865,0.239394,0.136243,0.113131,0.01541336
44.jpg,video_frame,wall,alphanumeric,none,,0.581304,0.489899,0.096278,0.088889,0.00855808
44.jpg,video_frame,wall,alphanumeric,none,,0.837441,0.558081,0.085379,0.071717,0.00612314
45.jpg,video_frame,hung,alphanumeric,none,,0.511389,0.205051,0.134813,0.107071,0.01443449
45.jpg,video_frame,hung,alphanumeric,none,,0.354557,0.440909,0.097964,0.083838,0.00821313
45.jpg,video_frame,hung,unclear,,,0.299284,0.571717,0.066508,0.052525,0.00349333
45.jpg,video_frame,hung,unclear,,,0.270524,0.608586,0.053925,0.045455,0.00245114
45.jpg,video_frame,wall,unclear,,,0.794047,0.601515,0.053026,0.057576,0.00305303
46.jpg,video_frame,wall,alphanumeric,none,,0.265782,0.252525,0.095915,0.10101,0.00968835
46.jpg,video_frame,wall,alphanumeric,none,,0.752078,0.425758,0.107568,0.118182,0.01271256
46.jpg,video_frame,wall,unclear,,,0.905363,0.628283,0.062748,0.070707,0.00443672
47.jpg,video_frame,hung,alphanumeric,none,,0.561979,0.142424,0.243018,0.179798,0.04369416
47.jpg,video_frame,hung,unclear,,,0.765686,0.574747,0.057181,0.046465,0.00265688
47.jpg,video_frame,hung,unclear,,,0.822866,0.630808,0.053607,0.045455,0.00243668
48.jpg,video_frame,wall,alphanumeric,none,,0.285201,0.388889,0.150857,0.131313,0.01980956
48.jpg,video_frame,hung,alphanumeric,none,,0.906037,0.291414,0.133897,0.093939,0.01257821
49.jpg,video_frame,wall,alphanumeric,none,,0.515027,0.215152,0.126436,0.10101,0.01277129
49.jpg,video_frame,wall,alphanumeric,none,,0.923954,0.512121,0.1061,0.080808,0.00857373
5.jpg,video_frame,wall,alphanumeric,barcode,,0.450505,0.265152,0.151515,0.120202,0.01821243
50.jpg,video_frame,wall,alphanumeric,none,,0.348749,0.459596,0.121068,0.137374,0.01663159
50.jpg,video_frame,wall,alphanumeric,none,,0.75758,0.35404,0.116551,0.152525,0.01777693
51.jpg,video_frame,hung,alphanumeric,none,,0.440659,0.175253,0.223049,0.160606,0.03582308
51.jpg,video_frame,hung,unclear,,,0.840062,0.479293,0.106084,0.083838,0.00889395
52.jpg,video_frame,wall,alphanumeric,none,,0.514795,0.259596,0.100731,0.088889,0.00895383
53.jpg,video_frame,hung,alphanumeric,none,,0.456716,0.198485,0.261366,0.182828,0.04778503
53.jpg,video_frame,hung,alphanumeric,none,,0.413604,0.561111,0.106881,0.079798,0.00852893
53.jpg,video_frame,hung,unclear,,,0.411359,0.692929,0.06826,0.052525,0.0035854
54.jpg,video_frame,wall,alphanumeric,none,,0.661265,0.416667,0.149144,0.126263,0.01883132
54.jpg,video_frame,hung,unclear,,,0.200805,0.308081,0.148246,0.111111,0.01647173
55.jpg,video_frame,wall,alphanumeric,none,,0.336387,0.288384,0.188595,0.156566,0.02952744
56.jpg,video_frame,wall,alphanumeric,none,,0.575308,0.404545,0.168229,0.136364,0.02294034
57.jpg,video_frame,hung,alphanumeric,none,,0.585554,0.284343,0.194431,0.130303,0.02533498
57.jpg,video_frame,hung,alphanumeric,none,,0.701761,0.525758,0.130224,0.091919,0.01197006
58.jpg,video_frame,wall,alphanumeric,none,,0.710954,0.343939,0.235498,0.237374,0.055901
59.jpg,video_frame,hung,alphanumeric,none,,0.267127,0.185859,0.173901,0.153535,0.0267
59.jpg,video_frame,wall,unclear,,,0.217825,0.465152,0.050198,0.061616,0.00309303
59.jpg,video_frame,wall,unclear,,,0.761939,0.545455,0.116532,0.080808,0.00941671
6.jpg,video_frame,hung,alphanumeric,barcode,,0.518182,0.194949,0.181211,0.145455,0.02635795
6.jpg,video_frame,rack,alphabetic,none,,0.698375,0.505556,0.026469,0.085859,0.00227259
6.jpg,video_frame,rack,alphabetic,none,,0.796106,0.464646,0.048866,0.09899,0.00483723
6.jpg,video_frame,rack,alphabetic,none,,0.91369,0.408081,0.068209,0.117172,0.00799212
60.jpg,video_frame,hung,alphanumeric,qr,,0.628897,0.260606,0.271883,0.181818,0.04943333
61.jpg,video_frame,hung,alphanumeric,none,,0.305321,0.310606,0.152884,0.118182,0.0180681
62.jpg,video_frame,wall,alphanumeric,qr,,0.280311,0.262626,0.226559,0.157576,0.03570017
63.jpg,video_frame,wall,alphanumeric,none,,0.401917,0.413131,0.175299,0.185859,0.0325809
64.jpg,video_frame,wall,alphanumeric,qr,,0.639466,0.263131,0.229142,0.205051,0.04698564
65.jpg,video_frame,hung,alphanumeric,none,,0.599491,0.25404,0.198934,0.138384,0.02752928
65.jpg,video_frame,hung,unclear,,,0.603075,0.619192,0.075272,0.058586,0.0044099
66.jpg,video_frame,wall,unclear,,,0.61631,0.307071,0.103913,0.078788,0.00818707
67.jpg,video_frame,hung,alphanumeric,none,,0.58501,0.185354,0.223548,0.20101,0.04493537
67.jpg,video_frame,hung,unclear,,,0.822079,0.44697,0.151436,0.10202,0.01544949
68.jpg,video_frame,hung,alphanumeric,qr,,0.574713,0.177778,0.229158,0.189899,0.04351682
69.jpg,video_frame,wall,alphanumeric,qr,,0.463317,0.309091,0.217336,0.210101,0.04566253
7.jpg,video_frame,hung,alphanumeric,qr,,0.617055,0.25303,0.273679,0.207071,0.05667095
70.jpg,video_frame,hung,alphanumeric,qr,,0.538193,0.231818,0.183157,0.158586,0.02904612
71.jpg,phone_photo,wall,alphanumeric,barcode,,0.066667,0.411111,0.037879,0.060606,0.00229568
71.jpg,phone_photo,hung,alphanumeric,barcode,,0.223106,0.220707,0.081061,0.09596,0.00777854
71.jpg,phone_photo,hung,alphanumeric,barcode,,0.468561,0.337374,0.059848,0.062626,0.00374809
71.jpg,phone_photo,wall,alphanumeric,barcode,,0.656439,0.282828,0.07803,0.090909,0.00709366
71.jpg,phone_photo,wall,alphanumeric,barcode,,0.827652,0.433838,0.049242,0.045455,0.00223829
72.jpg,phone_photo,hung,alphanumeric,none,,0.394613,0.450505,0.02963,0.038384,0.0011373
72.jpg,phone_photo,hung,unclear,,,0.390236,0.490404,0.026263,0.029293,0.00076931
72.jpg,phone_photo,hung,alphanumeric,none,,0.399663,0.398485,0.039731,0.045455,0.00180594
72.jpg,phone_photo,hung,alphanumeric,none,,0.405724,0.308081,0.049158,0.054545,0.00268136
72.jpg,phone_photo,hung,alphanumeric,none,,0.417845,0.102525,0.097643,0.10202,0.00996157
72.jpg,phone_photo,hung,alphanumeric,none,,0.750168,0.421212,0.03367,0.040404,0.00136041
72.jpg,phone_photo,hung,unclear,,,0.769697,0.471212,0.026936,0.031313,0.00084345
72.jpg,phone_photo,hung,unclear,,,0.639394,0.489899,0.024916,0.030303,0.00075502
72.jpg,phone_photo,hung,alphanumeric,none,,0.83468,0.312121,0.049158,0.058586,0.00287998
73.jpg,phone_photo,rack,alphanumeric,none,,0.058554,0.381818,0.042068,0.084848,0.00356939
73.jpg,phone_photo,rack,alphanumeric,none,,0.105738,0.454545,0.034109,0.064646,0.00220503
73.jpg,phone_photo,wall,alphanumeric,qr,,0.153775,0.337879,0.043773,0.108081,0.00473105
73.jpg,phone_photo,hung,alphanumeric,none,,0.316361,0.082828,0.076745,0.090909,0.00697685
73.jpg,phone_photo,hung,alphanumeric,none,,0.321762,0.283333,0.04889,0.059596,0.00291362
73.jpg,phone_photo,hung,alphanumeric,none,,0.324604,0.368687,0.036383,0.040404,0.00147002
73.jpg,phone_photo,hung,alphanumeric,none,,0.321478,0.419697,0.028993,0.039394,0.00114214
73.jpg,phone_photo,hung,alphanumeric,none,,0.323183,0.459091,0.027856,0.033333,0.00092852
73.jpg,phone_photo,hung,unclear,,,0.319204,0.50303,0.019897,0.030303,0.00060294
73.jpg,phone_photo,hung,alphanumeric,none,,0.481506,0.403535,0.029561,0.045455,0.00134369
73.jpg,phone_photo,hung,unclear,,,0.433753,0.470707,0.020465,0.028283,0.00057882
73.jpg,phone_photo,hung,alphanumeric,none,,0.506235,0.34596,0.039225,0.045455,0.00178297
73.jpg,phone_photo,hung,alphanumeric,none,,0.574453,0.24697,0.054006,0.065657,0.00354585
73.jpg,phone_photo,hung,alphanumeric,none,,0.572179,0.425253,0.026719,0.040404,0.00107955
73.jpg,phone_photo,wall,alphabetic,none,,0.549724,0.491414,0.012507,0.047475,0.00059375
73.jpg,phone_photo,hung,unclear,,,0.510214,0.50101,0.019897,0.030303,0.00060294
73.jpg,phone_photo,wall,alphanumeric,qr,,0.550861,0.539394,0.022739,0.038384,0.00087282
73.jpg,phone_photo,wall,alphanumeric,qr,,0.725101,0.436869,0.033541,0.079798,0.00267647
73.jpg,phone_photo,wall,alphanumeric,qr,,0.941694,0.191414,0.075608,0.122222,0.00924102
73.jpg,phone_photo,wall,alphanumeric,none,,0.809805,0.390404,0.035814,0.049495,0.00177264
73.jpg,phone_photo,wall,alphabetic,none,,0.918954,0.354545,0.08243,0.163636,0.01348857
73.jpg,phone_photo,wall,alphanumeric,none,,0.677917,0.459091,0.01876,0.033333,0.00062533
74.jpg,phone_photo,rack,alphanumeric,none,,0.0875,0.320202,0.064394,0.050505,0.00325222
74.jpg,phone_photo,hung,alphanumeric,none,,0.0875,0.112626,0.026515,0.049495,0.00131237
74.jpg,phone_photo,hung,alphanumeric,none,,0.174621,0.156061,0.029545,0.047475,0.00140266
74.jpg,phone_photo,hung,unclear,,,0.260227,0.190909,0.02197,0.042424,0.00093205
74.jpg,phone_photo,hung,unclear,,,0.3125,0.214646,0.018939,0.045455,0.00086088
74.jpg,phone_photo,hung,unclear,,,0.360985,0.236869,0.020455,0.037374,0.00076446
75.jpg,phone_photo,rack,unclear,,,0.46553,0.413131,0.020455,0.026263,0.00053719
75.jpg,phone_photo,rack,alphanumeric,none,,0.476894,0.454545,0.02803,0.026263,0.00073615
75.jpg,phone_photo,rack,alphanumeric,none,,0.581061,0.44798,0.021212,0.025253,0.00053566
76.jpg,phone_photo,hung,unclear,,,0.342088,0.130303,0.051178,0.042424,0.00217121
76.jpg,phone_photo,hung,unclear,,,0.406061,0.132828,0.057912,0.033333,0.00193042
76.jpg,phone_photo,hung,unclear,,,0.577778,0.127778,0.051178,0.037374,0.00191273
76.jpg,phone_photo,hung,unclear,,,0.641077,0.131313,0.056566,0.030303,0.00171411
77.jpg,phone_photo,hung,unclear,,,0.139394,0.196465,0.036364,0.043434,0.00157943
78.jpg,phone_photo,rack,unclear,,,0.476894,0.459596,0.020455,0.026263,0.00053719
78.jpg,phone_photo,rack,unclear,,,0.581439,0.44899,0.025,0.037374,0.00093434
78.jpg,phone_photo,rack,unclear,,,0.469318,0.415152,0.017424,0.028283,0.00049281
8.jpg,video_frame,wall,alphanumeric,barcode,,0.441575,0.376768,0.275032,0.292929,0.0805649
9.jpg,video_frame,wall,alphanumeric,qr,,0.48078,0.35,0.32818,0.453535,0.14884134
Captured photo (2).jpg,phone_photo,wall,unclear,,,0.346801,0.167677,0.038159,0.030303,0.00115634
Captured photo (2).jpg,phone_photo,wall,unclear,,,0.450056,0.155556,0.03367,0.032323,0.00108832
Captured photo (2).jpg,phone_photo,wall,unclear,,,0.508418,0.146465,0.056117,0.040404,0.00226734
Captured photo (2).jpg,phone_photo,wall,unclear,,,0.699214,0.122222,0.060606,0.040404,0.00244873
Captured photo (2).jpg,phone_photo,wall,unclear,,,0.928171,0.088889,0.109989,0.056566,0.00622159
Captured photo (3).jpg,phone_photo,wall,alphanumeric,barcode,,0.15174,0.411111,0.102357,0.052525,0.00537632
Captured photo (3).jpg,phone_photo,wall,alphanumeric,barcode,,0.440853,0.413131,0.105948,0.052525,0.00556497
Captured photo (3).jpg,phone_photo,wall,alphanumeric,barcode,,0.82963,0.416667,0.09697,0.045455,0.00440771
IMG_9283.jpg,phone_photo,wall,alphabetic,none,,0.624242,0.577273,0.109091,0.043434,0.00473829
IMG_9283.jpg,phone_photo,wall,alphanumeric,none,,0.626263,0.612121,0.045791,0.022222,0.00101758
IMG_9283.jpg,phone_photo,hung,unclear,,,0.501684,0.408081,0.114478,0.068687,0.00786314
IMG_9286.jpg,phone_photo,hung,unclear,,,0.500337,0.468182,0.10101,0.067677,0.00683604
IMG_9286.jpg,phone_photo,wall,alphabetic,none,,0.775084,0.608081,0.122559,0.040404,0.00495188
IMG_9286.jpg,phone_photo,wall,alphanumeric,none,,0.780471,0.643434,0.047138,0.028283,0.0013332
IMG_9289.jpg,phone_photo,hung,unclear,,,0.491582,0.453535,0.121212,0.078788,0.00955005
IMG_9289.jpg,phone_photo,wall,alphabetic,none,,0.909091,0.606061,0.121212,0.048485,0.00587695
IMG_9289.jpg,phone_photo,wall,alphanumeric,none,,0.913805,0.642424,0.060606,0.022222,0.0013468
IMG_9290.jpg,phone_photo,hung,unclear,,,0.483502,0.417677,0.239731,0.136364,0.03269054
IMG_9291.jpg,phone_photo,hung,alphanumeric,barcode,,0.529293,0.361616,0.220875,0.125253,0.0276652
IMG_9293.jpg,phone_photo,hung,alphanumeric,barcode,,0.499663,0.495455,0.228956,0.130303,0.02983369
IMG_9296.jpg,phone_photo,hung,alphanumeric,barcode,,0.493603,0.40101,0.19798,0.141414,0.02799714
IMG_9297.jpg,phone_photo,hung,alphanumeric,barcode,,0.525253,0.406566,0.191246,0.116162,0.02221542
IMG_9300.jpg,phone_photo,hung,alphanumeric,barcode,,0.490909,0.461111,0.152189,0.09798,0.0149114
IMG_9301.jpg,phone_photo,hung,alphanumeric,barcode,,0.512458,0.44899,0.16835,0.087879,0.01479441
IMG_9302.jpg,phone_photo,hung,alphanumeric,barcode,,0.513805,0.372727,0.232997,0.133333,0.03106622
IMG_9304.jpg,phone_photo,hung,alphanumeric,barcode,,0.515152,0.453535,0.152189,0.094949,0.01445023
IMG_9305.jpg,phone_photo,hung,alphanumeric,barcode,,0.487542,0.481818,0.167003,0.088889,0.01484474
IMG_9308.jpg,phone_photo,hung,alphanumeric,barcode,,0.492256,0.482323,0.16835,0.079798,0.013434
IMG_9309.jpg,phone_photo,hung,alphanumeric,barcode,,0.511785,0.29596,0.20202,0.127273,0.02571166
IMG_9312.jpg,phone_photo,wall,alphabetic,none,,0.206061,0.634343,0.183165,0.074747,0.01369112
IMG_9312.jpg,phone_photo,wall,alphanumeric,none,,0.206734,0.689394,0.074074,0.035354,0.00261878
IMG_9312.jpg,phone_photo,hung,alphanumeric,barcode,,0.489562,0.460101,0.162963,0.10202,0.01662551
IMG_9312.jpg,phone_photo,wall,alphabetic,none,,0.680808,0.616667,0.127946,0.041414,0.00529878
IMG_9313.jpg,phone_photo,hung,alphanumeric,barcode,,0.520539,0.365657,0.246465,0.121212,0.0298745
IMG_9316.jpg,phone_photo,hung,alphanumeric,barcode,,0.513131,0.358081,0.242424,0.116162,0.02816039
IMG_9317.jpg,phone_photo,hung,alphanumeric,barcode,,0.49697,0.49697,0.23165,0.088889,0.0205911
IMG_9319.jpg,phone_photo,hung,alphanumeric,barcode,,0.533333,0.291414,0.344781,0.19697,0.06791144
IMG_9321.jpg,phone_photo,hung,alphanumeric,barcode,,0.500337,0.385859,0.208754,0.143434,0.02994252
IMG_9324.jpg,phone_photo,hung,alphanumeric,barcode,,0.470707,0.355556,0.230303,0.151515,0.0348944
IMG_9325.jpg,phone_photo,hung,alphanumeric,barcode,,0.476094,0.411111,0.308418,0.171717,0.05296058
IMG_9328.jpg,phone_photo,hung,alphanumeric,barcode,,0.505724,0.384848,0.249158,0.171717,0.04278475
IMG_9328.jpg,phone_photo,hung,alphabetic,none,,0.074074,0.909091,0.137374,0.094949,0.01304357
IMG_9328.jpg,phone_photo,hung,unclear,,,0.506397,0.975758,0.107744,0.048485,0.00522396
IMG_9329.jpg,phone_photo,hung,alphanumeric,barcode,,0.475421,0.307576,0.255892,0.170707,0.04368262
IMG_9332.jpg,phone_photo,hung,alphanumeric,barcode,,0.526599,0.444444,0.210101,0.153535,0.03225793
IMG_9332.jpg,phone_photo,hung,alphabetic,none,,0.268687,0.891414,0.125253,0.093939,0.01176615
IMG_9332.jpg,phone_photo,hung,alphabetic,none,,0.689562,0.966162,0.110438,0.067677,0.00747407
IMG_9333.jpg,phone_photo,hung,alphanumeric,barcode,,0.494949,0.373232,0.26532,0.138384,0.03671598
IMG_9336.jpg,phone_photo,hung,alphanumeric,barcode,,0.4633,0.387374,0.218182,0.136364,0.02975207
IMG_9336.jpg,phone_photo,hung,alphabetic,none,,0.356229,0.89798,0.095623,0.086869,0.00830664
IMG_9336.jpg,phone_photo,wall,unclear,,,0.826263,0.975758,0.092929,0.048485,0.00450566
IMG_9337.jpg,phone_photo,hung,alphanumeric,barcode,,0.509091,0.483838,0.220875,0.145455,0.03212733
IMG_9337.jpg,phone_photo,hung,alphabetic,none,,0.611448,0.90303,0.137374,0.117172,0.01609632
IMG_9340.jpg,phone_photo,hung,alphanumeric,barcode,,0.507744,0.411616,0.253199,0.152525,0.03861919
IMG_9341.jpg,phone_photo,hung,alphanumeric,barcode,,0.507744,0.425758,0.228956,0.154545,0.03538414
IMG_9344.jpg,phone_photo,hung,alphanumeric,barcode,,0.461953,0.566667,0.223569,0.109091,0.02438935
IMG_9345.jpg,phone_photo,hung,alphanumeric,barcode,,0.417508,0.526768,0.204714,0.144444,0.02956977
IMG_9348.jpg,phone_photo,hung,alphanumeric,barcode,,0.515825,0.514646,0.188552,0.126263,0.02380709
IMG_9349.jpg,phone_photo,hung,alphanumeric,barcode,,0.491582,0.39798,0.20202,0.119192,0.02407918
IMG_9352.jpg,phone_photo,hung,alphanumeric,barcode,,0.494276,0.448485,0.180471,0.131313,0.02369826
IMG_9353.jpg,phone_photo,hung,alphanumeric,barcode,,0.57037,0.360101,0.249158,0.178788,0.04454647
IMG_9356.jpg,phone_photo,hung,alphanumeric,barcode,,0.509764,0.442929,0.254545,0.144444,0.03676768
IMG_9357.jpg,phone_photo,hung,alphanumeric,barcode,,0.468013,0.426263,0.238384,0.163636,0.03900826
IMG_9357.jpg,phone_photo,hung,alphabetic,none,,0.878114,0.829798,0.199327,0.170707,0.03402646
IMG_9360.jpg,phone_photo,hung,alphanumeric,barcode,,0.507744,0.340909,0.266667,0.136364,0.03636364
IMG_9361.jpg,phone_photo,hung,,barcode,,0.529966,0.374242,0.257239,0.160606,0.04131415
IMG_9365.jpg,phone_photo,hung,alphanumeric,barcode,,0.415488,0.395455,0.243771,0.150505,0.03668877
IMG_9366.jpg,phone_photo,hung,alphabetic,none,,0.259933,0.685859,0.161616,0.183838,0.02971125
IMG_9366.jpg,phone_photo,hung,alphanumeric,barcode,,0.571044,0.490909,0.177778,0.155556,0.02765432
IMG_9367.jpg,phone_photo,hung,alphanumeric,barcode,,0.492929,0.474747,0.250505,0.135354,0.03390674
IMG_9370.jpg,phone_photo,hung,unclear,,,0.288215,0.708586,0.129293,0.205051,0.02651158
IMG_9370.jpg,phone_photo,hung,alphanumeric,barcode,,0.476768,0.513636,0.212795,0.148485,0.03159678
IMG_9371.jpg,phone_photo,hung,unclear,,,0.125253,0.656566,0.099663,0.212121,0.0211407
IMG_9371.jpg,phone_photo,hung,alphanumeric,barcode,,0.439731,0.444444,0.222222,0.147475,0.03277217
IMG_9374.jpg,phone_photo,hung,alphanumeric,barcode,,0.463973,0.461616,0.232997,0.163636,0.03812672
IMG_9375.jpg,phone_photo,hung,alphanumeric,barcode,,0.538721,0.350505,0.226263,0.149495,0.03382512
IMG_9375.jpg,phone_photo,hung,unclear,,,0.043771,0.959596,0.084848,0.050505,0.00428528
IMG_9375.jpg,phone_photo,hung,unclear,,,0.305724,0.957071,0.086195,0.051515,0.00444036
IMG_9375.jpg,phone_photo,hung,unclear,,,0.556902,0.957576,0.082155,0.046465,0.0038173
IMG_9378.jpg,phone_photo,hung,alphanumeric,barcode,,0.476094,0.419697,0.189899,0.130303,0.02474441
IMG_9380.jpg,phone_photo,rack,alphanumeric,barcode,,0.441751,0.528788,0.113131,0.134343,0.01519845
IMG_9380.jpg,phone_photo,wall,alphabetic,none,,0.769697,0.462626,0.152189,0.076768,0.01168316
IMG_9381.jpg,phone_photo,rack,alphanumeric,barcode,,0.555556,0.566667,0.141414,0.153535,0.02171207
IMG_9381.jpg,phone_photo,hung,unclear,,,0.340067,0.631313,0.074074,0.040404,0.00299289
IMG_9381.jpg,phone_photo,hung,unclear,,,0.124579,0.593939,0.049832,0.044444,0.00221474
IMG_9382.jpg,phone_photo,rack,alphanumeric,barcode,,0.509764,0.627273,0.114478,0.139394,0.01595756
IMG_9382.jpg,phone_photo,hung,unclear,,,0.076094,0.585859,0.0633,0.044444,0.00281332
IMG_9382.jpg,phone_photo,hung,unclear,,,0.241751,0.591919,0.055219,0.042424,0.00234262
IMG_9382.jpg,phone_photo,hung,unclear,,,0.06936,0.642929,0.047138,0.037374,0.00176172
IMG_9382.jpg,phone_photo,hung,unclear,,,0.672727,0.605051,0.044444,0.034343,0.00152637
IMG_9382.jpg,phone_photo,hung,unclear,,,0.880808,0.642929,0.078114,0.043434,0.00339285
IMG_9383.jpg,phone_photo,rack,alphanumeric,barcode,,0.510438,0.455051,0.145455,0.140404,0.02042241
IMG_9383.jpg,phone_photo,wall,unclear,,,0.095623,0.498485,0.072727,0.037374,0.00271809
IMG_9385.jpg,phone_photo,rack,alphanumeric,barcode,,0.46734,0.454545,0.237037,0.246465,0.05842125
IMG_9385.jpg,phone_photo,hung,unclear,,,0.911785,0.541919,0.078114,0.053535,0.00418189
IMG_9386.jpg,phone_photo,rack,unclear,,,0.319192,0.560101,0.072727,0.168687,0.01226814
IMG_9386.jpg,phone_photo,rack,alphanumeric,barcode,,0.519865,0.561616,0.148148,0.169697,0.02514029
IMG_9386.jpg,phone_photo,hung,unclear,,,0.694276,0.553535,0.074074,0.034343,0.00254396
IMG_9386.jpg,phone_photo,hung,unclear,,,0.921212,0.538889,0.078114,0.043434,0.00339285
IMG_9387.jpg,phone_photo,rack,alphanumeric,barcode,,0.376431,0.479293,0.176431,0.194949,0.03439513
IMG_9388.jpg,phone_photo,wall,unclear,,,0.26734,0.590909,0.065993,0.034343,0.00226644
IMG_9388.jpg,phone_photo,rack,alphanumeric,barcode,,0.509091,0.543434,0.129293,0.155556,0.02011223
Image (1).jpg,phone_photo,wall,unclear,,,0.041288,0.309596,0.035606,0.041414,0.00147459
Image (1).jpg,phone_photo,wall,unclear,,,0.100758,0.314646,0.033333,0.041414,0.00138047
Image (1).jpg,phone_photo,wall,alphanumeric,none,,0.449621,0.268182,0.018939,0.025253,0.00047827
Image (1).jpg,phone_photo,wall,alphanumeric,none,,0.509091,0.293939,0.018182,0.022222,0.00040404
Image (10).jpg,phone_photo,wall,alphanumeric,barcode,,0.0834,0.430808,0.062774,0.033333,0.00209247
Image (10).jpg,phone_photo,wall,alphanumeric,barcode,,0.339877,0.419192,0.073535,0.034343,0.00252546
Image (10).jpg,phone_photo,wall,alphanumeric,barcode,,0.564967,0.405051,0.08609,0.040404,0.00347839
Image (12).jpg,phone_photo,wall,alphanumeric,barcode,,0.196547,0.433838,0.039252,0.047475,0.0018635
Image (12).jpg,phone_photo,wall,alphanumeric,barcode,,0.271069,0.436364,0.035839,0.052525,0.00188246
Image (12).jpg,phone_photo,wall,alphanumeric,barcode,,0.361236,0.435354,0.038684,0.052525,0.00203186
Image (12).jpg,phone_photo,wall,alphanumeric,barcode,,0.445714,0.434848,0.034701,0.051515,0.00178765
Image (12).jpg,phone_photo,wall,alphanumeric,barcode,,0.512557,0.435859,0.031857,0.051515,0.00164112
Image (12).jpg,phone_photo,wall,alphanumeric,barcode,,0.603008,0.431313,0.034133,0.052525,0.00179282
Image (12).jpg,phone_photo,wall,alphanumeric,barcode,,0.680375,0.436364,0.034133,0.052525,0.00179282
Image (12).jpg,phone_photo,wall,alphanumeric,barcode,,0.756889,0.433333,0.033564,0.048485,0.00162733
Image (12).jpg,phone_photo,wall,alphanumeric,barcode,,0.833687,0.435859,0.034701,0.053535,0.00185775
Image (12).jpg,phone_photo,wall,alphanumeric,barcode,,0.926983,0.435354,0.039252,0.058586,0.00229964
Image (13).jpg,phone_photo,wall,alphanumeric,barcode,,0.065464,0.320707,0.102232,0.041414,0.00423385
Image (13).jpg,phone_photo,wall,alphanumeric,barcode,,0.253787,0.323232,0.102232,0.044444,0.00454365
Image (13).jpg,phone_photo,wall,alphanumeric,barcode,,0.448386,0.320202,0.093264,0.044444,0.00414508
Image (13).jpg,phone_photo,wall,alphanumeric,barcode,,0.687825,0.317677,0.087884,0.037374,0.00328454
Image (14).jpg,phone_photo,wall,alphanumeric,none,,0.362296,0.198485,0.186529,0.073737,0.01375414
Image (14).jpg,phone_photo,hung,alphanumeric,none,,0.815166,0.234343,0.130929,0.056566,0.00740607
Image (17).jpg,phone_photo,wall,alphanumeric,barcode,,0.119192,0.172727,0.082155,0.052525,0.00431521
Image (17).jpg,phone_photo,wall,alphanumeric,barcode,,0.275421,0.165657,0.092929,0.056566,0.00525661
Image (17).jpg,phone_photo,wall,alphanumeric,barcode,,0.487542,0.154545,0.083502,0.056566,0.00472333
Image (17).jpg,phone_photo,wall,alphanumeric,barcode,,0.715825,0.141414,0.10101,0.066667,0.00673401
Image (18).jpg,phone_photo,hung,unclear,,,0.016835,0.122727,0.03367,0.031313,0.00105431
Image (18).jpg,phone_photo,hung,unclear,,,0.123232,0.110101,0.049832,0.038384,0.00191273
Image (18).jpg,phone_photo,hung,unclear,,,0.23367,0.1,0.052525,0.024242,0.00127334
Image (18).jpg,phone_photo,hung,unclear,,,0.351515,0.090404,0.048485,0.033333,0.00161616
Image (18).jpg,phone_photo,hung,unclear,,,0.463973,0.082323,0.049832,0.037374,0.00186239
Image (18).jpg,phone_photo,hung,unclear,,,0.576431,0.069192,0.059259,0.047475,0.00281332
Image (18).jpg,phone_photo,hung,unclear,,,0.700337,0.056061,0.053872,0.035354,0.00190457
Image (18).jpg,phone_photo,hung,unclear,,,0.827609,0.045455,0.052525,0.034343,0.0018039
Image (18).jpg,phone_photo,hung,unclear,,,0.969024,0.032323,0.044444,0.038384,0.00170595
Image (19).jpg,phone_photo,hung,alphanumeric,barcode,,0.414141,0.216667,0.214141,0.126263,0.02703806
Image (21).jpg,phone_photo,wall,alphanumeric,none,,0.320387,0.474242,0.07,0.025253,0.00176769
Image (21).jpg,phone_photo,wall,alphanumeric,none,,0.612055,0.476263,0.064616,0.019192,0.0012401
Image (21).jpg,phone_photo,hung,flag,barcode,,0.526798,0.082828,0.195642,0.060606,0.0118571
Image (23).jpg,phone_photo,wall,alphabetic,none,,0.370643,0.300505,0.095129,0.116162,0.01105031
Image (23).jpg,phone_photo,hung,unclear,,,0.820261,0.029293,0.075385,0.046465,0.00350274
Image (23).jpg,phone_photo,hung,unclear,,,0.894749,0.080808,0.052052,0.050505,0.00262887
Image (23).jpg,phone_photo,hung,unclear,,,0.948595,0.130303,0.044872,0.042424,0.00190366
Image (27).jpg,phone_photo,hung,alphanumeric,barcode,,0.501684,0.343939,0.211448,0.1,0.02114478
Image (3).jpg,phone_photo,wall,alphabetic,none,,0.214815,0.325253,0.127946,0.151515,0.01938578
Image (3).jpg,phone_photo,wall,alphanumeric,barcode,,0.970707,0.589899,0.058586,0.054545,0.00319559
Image (32).jpg,phone_photo,hung,alphanumeric,barcode,,0.4559,0.368687,0.247694,0.123232,0.03052388
Image (32).jpg,phone_photo,hung,alphabetic,none,,0.763723,0.756566,0.163334,0.058586,0.00956908
Image (32).jpg,phone_photo,hung,unclear,,,0.900134,0.820202,0.131026,0.048485,0.0063528
Image (33).jpg,phone_photo,hung,alphanumeric,barcode,,0.512439,0.444949,0.271027,0.132323,0.0358632
Image (4).jpg,phone_photo,wall,alphanumeric,none,,0.426894,0.339899,0.034091,0.033333,0.00113636
Image (6).jpg,phone_photo,wall,alphanumeric,none,,0.573106,0.370707,0.029545,0.026263,0.00077594
Image (8).jpg,phone_photo,hung,flag,barcode,,0.278114,0.119192,0.23569,0.070707,0.01666497
Image (8).jpg,phone_photo,hung,flag,barcode,,0.746128,0.130303,0.204714,0.062626,0.01282046
Image (9).jpg,phone_photo,hung,flag,barcode,,0.497709,0.125758,0.184735,0.063636,0.01175587
Image (9).jpg,phone_photo,wall,alphanumeric,none,,0.072639,0.473232,0.062774,0.025253,0.0015852
Image.jpg,phone_photo,wall,alphanumeric,none,,0.184512,0.331313,0.051178,0.034343,0.00175764
Media (1).jpg,phone_photo,wall,alphanumeric,none,,0.076515,0.49798,0.037879,0.034343,0.00130089
Media (1).jpg,phone_photo,hung,flag,barcode,,0.380303,0.037374,0.110606,0.060606,0.0067034
Media (1).jpg,phone_photo,hung,flag,barcode,,0.836742,0.036869,0.105303,0.063636,0.0067011
Media (11).jpg,phone_photo,hung,flag,barcode,,0.616193,0.038889,0.060795,0.077778,0.00472854
Media (11).jpg,phone_photo,hung,flag,barcode,,0.780114,0.129293,0.047727,0.070707,0.00337466
Media (11).jpg,phone_photo,hung,flag,barcode,,0.938068,0.211616,0.039773,0.055556,0.0022096
Media (11).jpg,phone_photo,hung,alphabetic,none,,0.96733,0.333333,0.038068,0.074747,0.0028455
Media (14).jpg,phone_photo,hung,alphanumeric,barcode,,0.230752,0.088384,0.188552,0.061616,0.01161786
Media (14).jpg,phone_photo,hung,alphanumeric,barcode,,0.577329,0.106061,0.184961,0.056566,0.01046242
Media (14).jpg,phone_photo,hung,alphanumeric,barcode,,0.887991,0.123737,0.15982,0.051515,0.00823317
Media (16).jpg,phone_photo,hung,alphanumeric,barcode,,0.232548,0.089899,0.195735,0.064646,0.01265358
Media (16).jpg,phone_photo,hung,alphanumeric,barcode,,0.573737,0.109596,0.177778,0.057576,0.01023569
Media (16).jpg,phone_photo,hung,alphanumeric,barcode,,0.887093,0.120707,0.161616,0.053535,0.00865218
Media (17).jpg,phone_photo,hung,flag,barcode,,0.606534,0.080303,0.065341,0.079798,0.00521407
Media (17).jpg,phone_photo,hung,flag,barcode,,0.771023,0.172727,0.056818,0.062626,0.00355831
Media (17).jpg,phone_photo,hung,alphabetic,none,,0.950852,0.377778,0.036932,0.078788,0.00290978
Media (17).jpg,phone_photo,hung,flag,barcode,,0.921875,0.260101,0.035795,0.055556,0.00198864
Media (2).jpg,phone_photo,wall,alphanumeric,none,,0.37642,0.533333,0.032386,0.034343,0.00111226
Media (2).jpg,phone_photo,wall,alphanumeric,none,,0.501989,0.540404,0.027841,0.024242,0.00067493
Media (2).jpg,phone_photo,hung,flag,barcode,,0.086364,0.090909,0.047727,0.066667,0.00318182
Media (2).jpg,phone_photo,hung,flag,barcode,,0.452273,0.111111,0.071591,0.060606,0.00433884
Media (2).jpg,phone_photo,hung,flag,barcode,,0.76875,0.125758,0.068182,0.075758,0.00516529
Media (4).jpg,phone_photo,hung,flag,barcode,,0.692256,0.216667,0.163412,0.063636,0.01039894
Media (4).jpg,phone_photo,hung,flag,barcode,,0.222671,0.291919,0.125701,0.046465,0.00584067
Media (5).jpg,phone_photo,wall,alphanumeric,none,,0.115625,0.488384,0.023295,0.027273,0.00063533
Media (5).jpg,phone_photo,wall,alphanumeric,none,,0.230114,0.491414,0.022727,0.023232,0.00052801
Media (5).jpg,phone_photo,hung,alphabetic,none,,0.837784,0.297475,0.08125,0.083838,0.00681187
Media (5).jpg,phone_photo,hung,flag,barcode,,0.45142,0.111111,0.067614,0.064646,0.00437098
Media (5).jpg,phone_photo,hung,flag,barcode,,0.178409,0.090909,0.073864,0.064646,0.00477502
Media (5).jpg,phone_photo,hung,flag,barcode,,0.726705,0.134848,0.063636,0.065657,0.00417815
Media (5).jpg,phone_photo,hung,flag,barcode,,0.97642,0.15202,0.047159,0.065657,0.0030963
Media (6).jpg,phone_photo,wall,flag,none,,0.138272,0.363636,0.09697,0.040404,0.00391797
Media (7).jpg,phone_photo,wall,flag,none,,0.491761,0.231313,0.065341,0.052525,0.00343205
Media (9).jpg,phone_photo,wall,flag,none,,0.257955,0.344444,0.040909,0.030303,0.00123967
Media.jpg,phone_photo,hung,unclear,,,0.254925,0.298485,0.108965,0.049495,0.00539323
Media.jpg,phone_photo,hung,unclear,,,0.509177,0.306061,0.095513,0.040404,0.0038591
Media.jpg,phone_photo,hung,unclear,,,0.789662,0.316667,0.104929,0.045455,0.00476952
Selected photo (10).jpg,phone_photo,hung,alphanumeric,none,,0.281818,0.316667,0.054545,0.063636,0.00347107
Selected photo (10).jpg,phone_photo,hung,alphanumeric,none,,0.46553,0.282323,0.073485,0.075758,0.00556703
Selected photo (10).jpg,phone_photo,hung,alphanumeric,none,,0.748485,0.189394,0.124242,0.116162,0.0144322
Selected photo (10).jpg,phone_photo,hung,alphanumeric,none,,0.949621,0.415152,0.07197,0.060606,0.0043618
Selected photo (10).jpg,phone_photo,hung,alphanumeric,none,,0.761364,0.433838,0.059091,0.053535,0.00316345
Selected photo (10).jpg,phone_photo,hung,alphanumeric,none,,0.601894,0.45,0.044697,0.039394,0.00176079
Selected photo (10).jpg,phone_photo,hung,alphanumeric,none,,0.505682,0.461616,0.034091,0.038384,0.00130854
Selected photo (10).jpg,phone_photo,hung,alphanumeric,none,,0.431439,0.470707,0.037121,0.030303,0.00112489
Selected photo (10).jpg,phone_photo,hung,alphanumeric,none,,0.368182,0.481818,0.025758,0.032323,0.00083257
Selected photo (10).jpg,phone_photo,hung,alphanumeric,none,,0.319318,0.486869,0.025,0.030303,0.00075758
Selected photo (10).jpg,phone_photo,hung,alphanumeric,none,,0.216667,0.492424,0.022727,0.019192,0.00043618
Selected photo (11).jpg,phone_photo,hung,flag,barcode,,0.249242,0.110606,0.145455,0.108081,0.01572084
Selected photo (11).jpg,phone_photo,hung,flag,barcode,,0.498485,0.191919,0.101515,0.080808,0.00820324
Selected photo (2).jpg,phone_photo,wall,alphanumeric,barcode,,0.076515,0.439899,0.062121,0.053535,0.00332568
Selected photo (2).jpg,phone_photo,wall,alphanumeric,barcode,,0.190909,0.442424,0.048485,0.044444,0.00215488
Selected photo (2).jpg,phone_photo,wall,alphanumeric,barcode,,0.277652,0.45202,0.041667,0.045455,0.00189394
Selected photo (2).jpg,phone_photo,wall,alphanumeric,barcode,,0.378409,0.459596,0.035606,0.044444,0.00158249
Selected photo (2).jpg,phone_photo,wall,alphanumeric,barcode,,0.456439,0.464646,0.034091,0.044444,0.00151515
Selected photo (2).jpg,phone_photo,wall,unclear,,,0.661364,0.478788,0.022727,0.036364,0.00082645
Selected photo (2).jpg,phone_photo,wall,unclear,,,0.748485,0.485354,0.022727,0.031313,0.00071166
Selected photo (2).jpg,phone_photo,wall,unclear,,,0.808712,0.486364,0.018939,0.037374,0.00070784
Selected photo (2).jpg,phone_photo,wall,unclear,,,0.87197,0.491414,0.027273,0.033333,0.00090909
Selected photo (3).jpg,phone_photo,wall,unclear,,,0.819529,0.431313,0.055219,0.038384,0.00211951
Selected photo (3).jpg,phone_photo,hung,flag,barcode,,0.767677,0.079798,0.142761,0.092929,0.01326667
Selected photo (4).jpg,phone_photo,wall,alphanumeric,barcode,,0.594318,0.377273,0.043182,0.045455,0.00196281
Selected photo (4).jpg,phone_photo,wall,alphanumeric,barcode,,0.69053,0.372222,0.049242,0.053535,0.00263621
Selected photo (4).jpg,phone_photo,wall,alphanumeric,barcode,,0.830303,0.366162,0.057576,0.045455,0.00261708
Selected photo (4).jpg,phone_photo,wall,alphanumeric,barcode,,0.969318,0.357576,0.059848,0.052525,0.00314356
Selected photo (5).jpg,phone_photo,wall,alphabetic,none,,0.821591,0.385859,0.02803,0.090909,0.00254821
Selected photo (5).jpg,phone_photo,wall,alphanumeric,barcode,,0.039773,0.470707,0.050758,0.052525,0.00266605
Selected photo (5).jpg,phone_photo,wall,alphanumeric,barcode,,0.140909,0.479293,0.045455,0.047475,0.00215794
Selected photo (5).jpg,phone_photo,wall,alphanumeric,barcode,,0.244318,0.488384,0.035606,0.043434,0.00154653
Selected photo (5).jpg,phone_photo,wall,alphanumeric,barcode,,0.320455,0.494949,0.033333,0.036364,0.00121212
Selected photo (5).jpg,phone_photo,wall,alphanumeric,barcode,,0.378409,0.5,0.029545,0.034343,0.00101469
Selected photo (5).jpg,phone_photo,wall,alphanumeric,barcode,,0.44053,0.505556,0.025,0.035354,0.00088384
Selected photo (5).jpg,phone_photo,wall,alphanumeric,barcode,,0.489773,0.510606,0.026515,0.041414,0.0010981
Selected photo (5).jpg,phone_photo,wall,alphanumeric,barcode,,0.529545,0.513636,0.022727,0.033333,0.00075758
Selected photo (5).jpg,phone_photo,wall,alphanumeric,barcode,,0.565152,0.517172,0.019697,0.030303,0.00059688
Selected photo (6).jpg,phone_photo,wall,alphanumeric,none,,0.166288,0.394949,0.035606,0.030303,0.00107897
Selected photo (6).jpg,phone_photo,hung,flag,barcode,,0.228788,0.122222,0.086364,0.062626,0.00540863
Selected photo (6).jpg,phone_photo,hung,flag,barcode,,0.505303,0.131313,0.116667,0.076768,0.00895623
Selected photo (6).jpg,phone_photo,hung,flag,barcode,,0.751515,0.137879,0.107576,0.063636,0.00684573
Selected photo (7).jpg,phone_photo,hung,flag,barcode,,0.115909,0.212626,0.060606,0.045455,0.00275482
Selected photo (7).jpg,phone_photo,hung,flag,barcode,,0.271212,0.168687,0.068182,0.052525,0.00358127
Selected photo (7).jpg,phone_photo,hung,flag,barcode,,0.506061,0.099495,0.136364,0.087879,0.01198347
Selected photo (7).jpg,phone_photo,wall,alphanumeric,none,,0.530303,0.469697,0.027273,0.036364,0.00099174
Selected photo (8).jpg,phone_photo,hung,alphanumeric,none,,0.035985,0.323232,0.07197,0.056566,0.00407101
Selected photo (8).jpg,phone_photo,wall,unclear,,,0.511364,0.410606,0.021212,0.043434,0.00092133
Selected photo (8).jpg,phone_photo,wall,unclear,,,0.564773,0.386364,0.038636,0.051515,0.00199036
Selected photo (8).jpg,phone_photo,wall,alphanumeric,barcode,,0.655303,0.355051,0.043939,0.071717,0.00315121
Selected photo (9).jpg,phone_photo,hung,alphanumeric,none,,0.062121,0.049495,0.069697,0.070707,0.00492807
Selected photo (9).jpg,phone_photo,hung,alphanumeric,none,,0.28447,0.034848,0.088636,0.069697,0.00617769
Selected photo (9).jpg,phone_photo,hung,alphanumeric,none,,0.132197,0.264646,0.02803,0.038384,0.00107591
Selected photo (9).jpg,phone_photo,hung,alphanumeric,none,,0.189394,0.257071,0.037879,0.035354,0.00133915
Selected photo (9).jpg,phone_photo,hung,alphanumeric,none,,0.261742,0.24899,0.038636,0.039394,0.00152204
Selected photo (9).jpg,phone_photo,hung,alphanumeric,none,,0.343561,0.24697,0.037121,0.035354,0.00131237
Selected photo (9).jpg,phone_photo,hung,alphanumeric,barcode,,0.444697,0.231313,0.04697,0.042424,0.00199265
Selected photo (9).jpg,phone_photo,hung,alphanumeric,barcode,,0.598106,0.224242,0.055303,0.052525,0.00290481
Selected photo (9).jpg,phone_photo,hung,alphanumeric,none,,0.772348,0.210101,0.067424,0.046465,0.00313284
clip_1.jpg,video_frame,hung,unclear,,,0.665503,0.116667,0.2828,0.116162,0.03285055
clip_10.jpg,video_frame,hung,unclear,,,0.482223,0.282828,0.035492,0.026263,0.0009321
clip_10.jpg,video_frame,hung,unclear,,,0.549348,0.284343,0.037035,0.029293,0.00108486
clip_10.jpg,video_frame,hung,unclear,,,0.749181,0.333333,0.038578,0.026263,0.00101315
clip_10.jpg,video_frame,hung,unclear,,,0.614159,0.282828,0.037035,0.034343,0.0012719
clip_11.jpg,video_frame,hung,unclear,,,0.411545,0.286869,0.043158,0.036364,0.00156939
clip_11.jpg,video_frame,hung,unclear,,,0.58726,0.25303,0.055489,0.043434,0.00241013
clip_11.jpg,video_frame,hung,unclear,,,0.805363,0.209596,0.066279,0.051515,0.00341436
clip_11.jpg,video_frame,hung,unclear,,,0.888597,0.194949,0.072444,0.054545,0.0039515
clip_11.jpg,video_frame,hung,unclear,,,0.645832,0.244949,0.049324,0.035354,0.00174377
clip_12.jpg,video_frame,hung,unclear,,,0.212848,0.171212,0.13985,0.053535,0.0074869
clip_12.jpg,video_frame,hung,unclear,,,0.575535,0.138384,0.087598,0.050505,0.00442415
clip_12.jpg,video_frame,hung,flag,none,,0.82373,0.118687,0.282773,0.134343,0.03798867
clip_14.jpg,video_frame,hung,unclear,,,0.735959,0.053535,0.081688,0.050505,0.00412563
clip_15.jpg,video_frame,hung,unclear,,,0.189471,0.115657,0.161089,0.053535,0.00862394
clip_15.jpg,video_frame,hung,unclear,,,0.544633,0.138889,0.079777,0.045455,0.00362624
clip_16.jpg,video_frame,hung,unclear,,,0.450292,0.20101,0.04274,0.032323,0.00138148
clip_16.jpg,video_frame,hung,unclear,,,0.725046,0.184848,0.04274,0.034343,0.00146782
clip_16.jpg,video_frame,hung,unclear,,,0.792972,0.180808,0.044266,0.036364,0.00160967
clip_16.jpg,video_frame,hung,unclear,,,0.570879,0.195455,0.045792,0.033333,0.00152641
clip_17.jpg,video_frame,hung,unclear,,,0.733671,0.094444,0.0742,0.043434,0.00322283
clip_2.jpg,video_frame,hung,unclear,,,0.769614,0.423737,0.116563,0.045455,0.00529831
clip_22.jpg,video_frame,wall,unclear,,,0.335791,0.243434,0.071182,0.032323,0.00230082
clip_22.jpg,video_frame,wall,unclear,,,0.768297,0.459091,0.097488,0.053535,0.00521905
clip_23.jpg,video_frame,wall,unclear,,,0.435651,0.506566,0.074153,0.039394,0.00292119
clip_24.jpg,video_frame,hung,alphabetic,none,,0.139436,0.254545,0.167323,0.082828,0.01385909
clip_3.jpg,phone_photo,wall,alphabetic,none,,0.471725,0.081818,0.088464,0.10404,0.00920384
clip_5.jpg,video_frame,hung,unclear,,,0.163218,0.083838,0.075096,0.060606,0.00455126
clip_5.jpg,video_frame,hung,unclear,,,0.517241,0.154545,0.0659,0.050505,0.0033283
clip_6.jpg,video_frame,hung,unclear,,,0.08577,0.132828,0.052075,0.033333,0.00173583
clip_7.jpg,video_frame,hung,unclear,,,0.265447,0.262121,0.076719,0.033333,0.00255729
clip_8.jpg,video_frame,wall,unclear,,,0.25652,0.20404,0.125956,0.082828,0.01043273
clip_9.jpg,video_frame,hung,unclear,,,0.79981,0.317172,0.039914,0.028283,0.00112887
clip_9.jpg,video_frame,hung,unclear,,,0.855843,0.315152,0.038379,0.020202,0.00077533
