original_name,original_format,original_w,original_h,saved_name,saved_w,saved_h,extreme_dimension
1.png,PNG,512,510,1.jpg,512,510,False
10.png,PNG,381,271,10.jpg,381,271,False
11.png,PNG,382,236,11.jpg,382,236,False
12.png,PNG,384,235,12.jpg,384,235,False
13.png,PNG,394,239,13.jpg,394,239,False
14.png,PNG,379,233,14.jpg,379,233,False
15.png,PNG,381,240,15.jpg,381,240,False
16.png,PNG,382,240,16.jpg,382,240,False
17.png,PNG,385,240,17.jpg,385,240,False
18.png,PNG,381,242,18.jpg,381,242,False
19.png,PNG,381,276,19.jpg,381,276,False
2.png,PNG,513,508,2.jpg,513,508,False
20.png,PNG,384,271,20.jpg,384,271,False
20250714_130346.jpg,JPEG,4000,3000,20250714_130346.jpg,4000,3000,False
20250714_130455.jpg,JPEG,4000,3000,20250714_130455.jpg,3000,4000,False
20250714_130501.jpg,JPEG,4000,3000,20250714_130501.jpg,3000,4000,False
20250714_130631.jpg,JPEG,4000,3000,20250714_130631.jpg,4000,3000,False
20250714_140632.jpg,JPEG,4000,3000,20250714_140632.jpg,3000,4000,False
20250714_140640.jpg,JPEG,4000,3000,20250714_140640.jpg,3000,4000,False
20250714_141233.jpg,JPEG,4000,3000,20250714_141233.jpg,3000,4000,False
20250714_141318.jpg,JPEG,4000,3000,20250714_141318.jpg,3000,4000,False
20250714_141429.jpg,JPEG,4000,3000,20250714_141429.jpg,3000,4000,False
20250714_141512.jpg,JPEG,4000,3000,20250714_141512.jpg,4000,3000,False
20250714_141628.jpg,JPEG,4000,3000,20250714_141628.jpg,4000,3000,False
20250714_141841.jpg,JPEG,4000,3000,20250714_141841.jpg,3000,4000,False
20250714_141849.jpg,JPEG,4000,3000,20250714_141849.jpg,3000,4000,False
20250714_141920.jpg,JPEG,4000,3000,20250714_141920.jpg,4000,3000,False
20250714_141931.jpg,JPEG,4000,3000,20250714_141931.jpg,4000,3000,False
20250714_142146.jpg,JPEG,4000,3000,20250714_142146.jpg,3000,4000,False
20250714_142151.jpg,JPEG,4000,3000,20250714_142151.jpg,3000,4000,False
20250714_142220.jpg,JPEG,4000,3000,20250714_142220.jpg,3000,4000,False
20250714_142430.jpg,JPEG,4000,3000,20250714_142430.jpg,3000,4000,False
20250714_142437.jpg,JPEG,4000,3000,20250714_142437.jpg,3000,4000,False
20250714_142506.jpg,JPEG,4000,3000,20250714_142506.jpg,3000,4000,False
20250714_142729.jpg,JPEG,4000,3000,20250714_142729.jpg,3000,4000,False
20250714_142746.jpg,JPEG,4000,3000,20250714_142746.jpg,3000,4000,False
20250714_142755.jpg,JPEG,4000,3000,20250714_142755.jpg,3000,4000,False
20250714_142821.jpg,JPEG,4000,3000,20250714_142821.jpg,4000,3000,False
20250714_143055.jpg,JPEG,4000,3000,20250714_143055.jpg,4000,3000,False
20250714_143058.jpg,JPEG,4000,3000,20250714_143058.jpg,4000,3000,False
20250714_143120.jpg,JPEG,4000,3000,20250714_143120.jpg,4000,3000,False
20250714_143130.jpg,JPEG,4000,3000,20250714_143130.jpg,4000,3000,False
20250714_143156.jpg,JPEG,4000,3000,20250714_143156.jpg,4000,3000,False
20250714_143214.jpg,JPEG,4000,3000,20250714_143214.jpg,4000,3000,False
20250714_143223.jpg,JPEG,4000,3000,20250714_143223.jpg,4000,3000,False
20250714_143314.jpg,JPEG,4000,3000,20250714_143314.jpg,4000,3000,False
20250714_143319.jpg,JPEG,4000,3000,20250714_143319.jpg,4000,3000,False
20250714_143324.jpg,JPEG,4000,3000,20250714_143324.jpg,4000,3000,False
20250714_143336.jpg,JPEG,4000,3000,20250714_143336.jpg,4000,3000,False
20250714_143340.jpg,JPEG,4000,3000,20250714_143340.jpg,4000,3000,False
20250714_143346.jpg,JPEG,4000,3000,20250714_143346.jpg,4000,3000,False
21.png,PNG,381,274,21.jpg,381,274,False
22.png,PNG,381,274,22.jpg,381,274,False
23.png,PNG,384,346,23.jpg,384,346,False
24.png,PNG,389,344,24.jpg,389,344,False
25.png,PNG,377,349,25.jpg,377,349,False
26.png,PNG,380,349,26.jpg,380,349,False
27.png,PNG,384,331,27.jpg,384,331,False
28.png,PNG,377,330,28.jpg,377,330,False
29.png,PNG,379,327,29.jpg,379,327,False
3.png,PNG,512,513,3.jpg,512,513,False
30.png,PNG,382,346,30.jpg,382,346,False
31.png,PNG,392,346,31.jpg,392,346,False
32.png,PNG,378,343,32.jpg,378,343,False
33.png,PNG,382,346,33.jpg,382,346,False
34.png,PNG,388,325,34.jpg,388,325,False
35.png,PNG,382,336,35.jpg,382,336,False
36.png,PNG,380,340,36.jpg,380,340,False
37.png,PNG,379,336,37.jpg,379,336,False
38.png,PNG,382,340,38.jpg,382,340,False
39.png,PNG,379,336,39.jpg,379,336,False
4.png,PNG,512,513,4.jpg,512,513,False
40.png,PNG,380,338,40.jpg,380,338,False
41.png,PNG,381,338,41.jpg,381,338,False
42.png,PNG,384,342,42.jpg,384,342,False
43.png,PNG,381,339,43.jpg,381,339,False
44.png,PNG,377,339,44.jpg,377,339,False
45.png,PNG,381,339,45.jpg,381,339,False
46.png,PNG,382,339,46.jpg,382,339,False
47.png,PNG,381,337,47.jpg,381,337,False
48.png,PNG,387,342,48.jpg,387,342,False
49.png,PNG,385,337,49.jpg,385,337,False
5.png,PNG,511,511,5.jpg,511,511,False
50.png,PNG,379,339,50.jpg,379,339,False
51.png,PNG,381,342,51.jpg,381,342,False
52.png,PNG,383,338,52.jpg,383,338,False
53.png,PNG,379,337,53.jpg,379,337,False
54.png,PNG,380,338,54.jpg,380,338,False
55.png,PNG,381,342,55.jpg,381,342,False
56.png,PNG,384,342,56.jpg,384,342,False
57.png,PNG,382,342,57.jpg,382,342,False
58.png,PNG,385,340,58.jpg,385,340,False
59.png,PNG,382,339,59.jpg,382,339,False
6.png,PNG,509,513,6.jpg,509,513,False
60.png,PNG,383,338,60.jpg,383,338,False
61.png,PNG,383,339,61.jpg,383,339,False
62.png,PNG,382,336,62.jpg,382,336,False
63.png,PNG,377,339,63.jpg,377,339,False
64.png,PNG,381,335,64.jpg,381,335,False
65.png,PNG,381,338,65.jpg,381,338,False
66.png,PNG,380,337,66.jpg,380,337,False
67.png,PNG,381,340,67.jpg,381,340,False
68.png,PNG,381,343,68.jpg,381,343,False
69.png,PNG,381,343,69.jpg,381,343,False
7.png,PNG,382,276,7.jpg,382,276,False
70.png,PNG,384,343,70.jpg,384,343,False
71.png,PNG,1448,1086,71.jpg,1448,1086,False
72.png,PNG,1536,1024,72.jpg,1536,1024,False
73.png,PNG,1672,941,73.jpg,1672,941,False
74.png,PNG,5712,4284,74.jpg,5712,4284,False
75.png,PNG,5712,4284,75.jpg,5712,4284,False
76.png,PNG,4284,5712,76.jpg,4284,5712,False
77.png,PNG,5712,4284,77.jpg,5712,4284,False
78.png,PNG,5712,4284,78.jpg,5712,4284,False
8.png,PNG,380,273,8.jpg,380,273,False
9.png,PNG,384,273,9.jpg,384,273,False
Captured photo (2).jpeg,JPEG,1800,4000,Captured photo (2).jpg,1800,4000,False
Captured photo (3).jpeg,JPEG,2160,3840,Captured photo (3).jpg,2160,3840,False
clip_1.png,PNG,579,881,clip_1.jpg,579,881,False
clip_10.png,PNG,578,883,clip_10.jpg,578,883,False
clip_11.png,PNG,578,882,clip_11.jpg,578,882,False
clip_12.png,PNG,583,887,clip_12.jpg,583,887,False
clip_13.png,PNG,582,885,clip_13.jpg,582,885,False
clip_14.png,PNG,580,885,clip_14.jpg,580,885,False
clip_15.png,PNG,584,887,clip_15.jpg,584,887,False
clip_16.png,PNG,583,881,clip_16.jpg,583,881,False
clip_17.png,PNG,583,874,clip_17.jpg,583,874,False
clip_2.png,PNG,584,864,clip_2.jpg,584,864,False
clip_22.png,PNG,579,887,clip_22.jpg,579,887,False
clip_23.png,PNG,578,884,clip_23.jpg,578,884,False
clip_24.png,PNG,577,885,clip_24.jpg,577,885,False
clip_3.png,PNG,1593,883,clip_3.jpg,1593,883,False
clip_4.png,PNG,1179,886,clip_4.jpg,1179,886,False
clip_5.png,PNG,580,880,clip_5.jpg,580,880,False
clip_6.png,PNG,583,884,clip_6.jpg,583,884,False
clip_7.png,PNG,578,878,clip_7.jpg,578,878,False
clip_8.png,PNG,580,882,clip_8.jpg,580,882,False
clip_9.png,PNG,581,883,clip_9.jpg,581,883,False
Image (1).jpeg,JPEG,1024,768,Image (1).jpg,1024,768,False
Image (10).jpeg,JPEG,1230,2184,Image (10).jpg,1230,2184,False
Image (12).jpeg,JPEG,2184,1230,Image (12).jpg,2184,1230,False
Image (13).jpeg,JPEG,1230,2184,Image (13).jpg,1230,2184,False
Image (14).jpeg,JPEG,1230,2184,Image (14).jpg,1230,2184,False
Image (17).jpeg,JPEG,768,1024,Image (17).jpg,768,1024,False
Image (18).jpeg,JPEG,768,1024,Image (18).jpg,768,1024,False
Image (19).jpeg,JPEG,768,1024,Image (19).jpg,768,1024,False
Image (21).jpeg,JPEG,1448,2573,Image (21).jpg,1448,2573,False
Image (23).jpeg,JPEG,1448,2573,Image (23).jpg,1448,2573,False
Image (27).jpeg,JPEG,3024,4032,Image (27).jpg,3024,4032,False
Image (3).jpeg,JPEG,2448,3264,Image (3).jpg,2448,3264,False
Image (32).jpeg,JPEG,1448,2573,Image (32).jpg,1448,2573,False
Image (33).jpeg,JPEG,1448,2573,Image (33).jpg,1448,2573,False
Image (4).jpeg,JPEG,3264,2448,Image (4).jpg,3264,2448,False
Image (6).jpeg,JPEG,3264,2448,Image (6).jpg,3264,2448,False
Image (8).jpeg,JPEG,2082,2776,Image (8).jpg,2082,2776,False
Image (9).jpeg,JPEG,1230,2184,Image (9).jpg,1230,2184,False
Image.jpeg,JPEG,2082,2776,Image.jpg,2082,2776,False
IMG_9283.HEIC,HEIF,4284,5712,IMG_9283.jpg,4284,5712,False
IMG_9286.HEIC,HEIF,4284,5712,IMG_9286.jpg,4284,5712,False
IMG_9289.HEIC,HEIF,4284,5712,IMG_9289.jpg,4284,5712,False
IMG_9290.HEIC,HEIF,3024,4032,IMG_9290.jpg,3024,4032,False
IMG_9291.HEIC,HEIF,3024,4032,IMG_9291.jpg,3024,4032,False
IMG_9293.HEIC,HEIF,3024,4032,IMG_9293.jpg,3024,4032,False
IMG_9296.HEIC,HEIF,3024,4032,IMG_9296.jpg,3024,4032,False
IMG_9297.HEIC,HEIF,3024,4032,IMG_9297.jpg,3024,4032,False
IMG_9300.HEIC,HEIF,3024,4032,IMG_9300.jpg,3024,4032,False
IMG_9301.HEIC,HEIF,3024,4032,IMG_9301.jpg,3024,4032,False
IMG_9302.HEIC,HEIF,3024,4032,IMG_9302.jpg,3024,4032,False
IMG_9304.HEIC,HEIF,3024,4032,IMG_9304.jpg,3024,4032,False
IMG_9305.HEIC,HEIF,3024,4032,IMG_9305.jpg,3024,4032,False
IMG_9308.HEIC,HEIF,3024,4032,IMG_9308.jpg,3024,4032,False
IMG_9309.HEIC,HEIF,3024,4032,IMG_9309.jpg,3024,4032,False
IMG_9312.HEIC,HEIF,3024,4032,IMG_9312.jpg,3024,4032,False
IMG_9313.HEIC,HEIF,3024,4032,IMG_9313.jpg,3024,4032,False
IMG_9316.HEIC,HEIF,3024,4032,IMG_9316.jpg,3024,4032,False
IMG_9317.HEIC,HEIF,3024,4032,IMG_9317.jpg,3024,4032,False
IMG_9319.HEIC,HEIF,3024,4032,IMG_9319.jpg,3024,4032,False
IMG_9321.HEIC,HEIF,3024,4032,IMG_9321.jpg,3024,4032,False
IMG_9324.HEIC,HEIF,3024,4032,IMG_9324.jpg,3024,4032,False
IMG_9325.HEIC,HEIF,3024,4032,IMG_9325.jpg,3024,4032,False
IMG_9328.HEIC,HEIF,3024,4032,IMG_9328.jpg,3024,4032,False
IMG_9329.HEIC,HEIF,3024,4032,IMG_9329.jpg,3024,4032,False
IMG_9332.HEIC,HEIF,3024,4032,IMG_9332.jpg,3024,4032,False
IMG_9333.HEIC,HEIF,3024,4032,IMG_9333.jpg,3024,4032,False
IMG_9336.HEIC,HEIF,3024,4032,IMG_9336.jpg,3024,4032,False
IMG_9337.HEIC,HEIF,3024,4032,IMG_9337.jpg,3024,4032,False
IMG_9340.HEIC,HEIF,3024,4032,IMG_9340.jpg,3024,4032,False
IMG_9341.HEIC,HEIF,3024,4032,IMG_9341.jpg,3024,4032,False
IMG_9344.HEIC,HEIF,3024,4032,IMG_9344.jpg,3024,4032,False
IMG_9345.HEIC,HEIF,3024,4032,IMG_9345.jpg,3024,4032,False
IMG_9348.HEIC,HEIF,3024,4032,IMG_9348.jpg,3024,4032,False
IMG_9349.HEIC,HEIF,3024,4032,IMG_9349.jpg,3024,4032,False
IMG_9352.HEIC,HEIF,3024,4032,IMG_9352.jpg,3024,4032,False
IMG_9353.HEIC,HEIF,3024,4032,IMG_9353.jpg,3024,4032,False
IMG_9356.HEIC,HEIF,3024,4032,IMG_9356.jpg,3024,4032,False
IMG_9357.HEIC,HEIF,3024,4032,IMG_9357.jpg,3024,4032,False
IMG_9360.HEIC,HEIF,3024,4032,IMG_9360.jpg,3024,4032,False
IMG_9361.HEIC,HEIF,3024,4032,IMG_9361.jpg,3024,4032,False
IMG_9365.HEIC,HEIF,3024,4032,IMG_9365.jpg,3024,4032,False
IMG_9366.HEIC,HEIF,3024,4032,IMG_9366.jpg,3024,4032,False
IMG_9367.HEIC,HEIF,3024,4032,IMG_9367.jpg,3024,4032,False
IMG_9370.HEIC,HEIF,3024,4032,IMG_9370.jpg,3024,4032,False
IMG_9371.HEIC,HEIF,3024,4032,IMG_9371.jpg,3024,4032,False
IMG_9374.HEIC,HEIF,3024,4032,IMG_9374.jpg,3024,4032,False
IMG_9375.HEIC,HEIF,3024,4032,IMG_9375.jpg,3024,4032,False
IMG_9378.HEIC,HEIF,3024,4032,IMG_9378.jpg,3024,4032,False
IMG_9380.HEIC,HEIF,3024,4032,IMG_9380.jpg,3024,4032,False
IMG_9381.HEIC,HEIF,3024,4032,IMG_9381.jpg,3024,4032,False
IMG_9382.HEIC,HEIF,3024,4032,IMG_9382.jpg,3024,4032,False
IMG_9383.HEIC,HEIF,3024,4032,IMG_9383.jpg,3024,4032,False
IMG_9385.HEIC,HEIF,3024,4032,IMG_9385.jpg,3024,4032,False
IMG_9386.HEIC,HEIF,3024,4032,IMG_9386.jpg,3024,4032,False
IMG_9387.HEIC,HEIF,3024,4032,IMG_9387.jpg,3024,4032,False
IMG_9388.HEIC,HEIF,3024,4032,IMG_9388.jpg,3024,4032,False
Media (1).jpeg,JPEG,3264,2448,Media (1).jpg,3264,2448,False
Media (11).jpeg,JPEG,4032,2268,Media (11).jpg,4032,2268,False
Media (14).jpeg,JPEG,2268,4032,Media (14).jpg,2268,4032,False
Media (16).jpeg,JPEG,2268,4032,Media (16).jpg,2268,4032,False
Media (17).jpeg,JPEG,4032,2268,Media (17).jpg,4032,2268,False
Media (2).jpeg,JPEG,4032,2268,Media (2).jpg,4032,2268,False
Media (4).jpeg,JPEG,2268,4032,Media (4).jpg,2268,4032,False
Media (5).jpeg,JPEG,4032,2268,Media (5).jpg,4032,2268,False
Media (6).jpeg,JPEG,2268,4032,Media (6).jpg,2268,4032,False
Media (7).jpeg,JPEG,4032,2268,Media (7).jpg,4032,2268,False
Media (9).jpeg,JPEG,4032,2268,Media (9).jpg,4032,2268,False
Media.jpeg,JPEG,3472,4624,Media.jpg,3472,4624,False
n10.png,PNG,582,880,n10.jpg,582,880,False
n11.png,PNG,578,884,n11.jpg,578,884,False
n12.png,PNG,581,878,n12.jpg,581,878,False
n13.png,PNG,584,888,n13.jpg,584,888,False
n14.png,PNG,579,885,n14.jpg,579,885,False
n15.png,PNG,526,877,n15.jpg,526,877,False
n16.png,PNG,1636,881,n16.jpg,1636,881,False
n17.png,PNG,585,887,n17.jpg,585,887,False
n18.png,PNG,581,885,n18.jpg,581,885,False
n19.png,PNG,584,881,n19.jpg,584,881,False
n20.png,PNG,578,877,n20.jpg,578,877,False
n21.png,PNG,580,886,n21.jpg,580,886,False
n22.jpg,JPEG,4000,3000,n22.jpg,3000,4000,False
n23.png,PNG,1680,855,n23.jpg,1680,855,False
n24.png,PNG,1749,880,n24.jpg,1749,880,False
n5.png,PNG,579,888,n5.jpg,579,888,False
n6.png,PNG,581,889,n6.jpg,581,889,False
n7.png,PNG,587,886,n7.jpg,587,886,False
n8.png,PNG,576,880,n8.jpg,576,880,False
n9.png,PNG,581,884,n9.jpg,581,884,False
n_1.png,PNG,1597,862,n_1.jpg,1597,862,False
n_2.png,PNG,1540,828,n_2.jpg,1540,828,False
n_3.png,PNG,1520,892,n_3.jpg,1520,892,False
n_4.png,PNG,1696,873,n_4.jpg,1696,873,False
Selected photo (10).jpeg,JPEG,4032,3024,Selected photo (10).jpg,4032,3024,False
Selected photo (11).jpeg,JPEG,4032,3024,Selected photo (11).jpg,4032,3024,False
Selected photo (2).jpeg,JPEG,4032,3024,Selected photo (2).jpg,4032,3024,False
Selected photo (3).jpeg,JPEG,4032,3024,Selected photo (3).jpg,3024,4032,False
Selected photo (4).jpeg,JPEG,4032,3024,Selected photo (4).jpg,4032,3024,False
Selected photo (5).jpeg,JPEG,4032,3024,Selected photo (5).jpg,4032,3024,False
Selected photo (6).jpeg,JPEG,4032,3024,Selected photo (6).jpg,4032,3024,False
Selected photo (7).jpeg,JPEG,4032,3024,Selected photo (7).jpg,4032,3024,False
Selected photo (8).jpeg,JPEG,4032,3024,Selected photo (8).jpg,4032,3024,False
Selected photo (9).jpeg,JPEG,4032,3024,Selected photo (9).jpg,4032,3024,False
